{
    "liver": 0.9999347925186157,
    "kidney": 1.0,
    "spleen": 0.9998570084571838,
    "pancreas": 0.9997349977493286,
    "right kidney": 0.9999557137489319,
    "aorta": 1.0,
    "inferior vena cava": 0.9998636245727539,
    "right adrenal gland": 1.0,
    "left adrenal gland": 0.9997097253799438,
    "gallbladder": 1.0,
    "esophagus": 0.9997258186340332,
    "stomach": 0.9999347925186157,
    "duodenum": 0.9996980428695679,
    "left kidney": 0.9999045729637146,
    "bladder": 0.9998233318328857,
    "prostate or uterus (deprecated)": 1.0,
    "portal vein and splenic vein": 0.999485433101654,
    "rectum (deprecated)": 1.0,
    "small bowel": 0.9996098875999451,
    "lung": 1.0,
    "bone": 1.0,
    "brain": 1.0,
    "lung tumor": 1.0,
    "pancreatic tumor": 1.0,
    "hepatic vessel": 1.0,
    "hepatic tumor": 1.0,
    "colon cancer primaries": 1.0,
    "left lung upper lobe": 0.9998635053634644,
    "left lung lower lobe": 0.9999285340309143,
    "right lung upper lobe": 1.0,
    "right lung middle lobe": 0.9999430179595947,
    "right lung lower lobe": 0.999975323677063,
    "vertebrae L5": 0.9999445080757141,
    "vertebrae L4": 0.9999210834503174,
    "vertebrae L3": 0.9998977184295654,
    "vertebrae L2": 0.9999402761459351,
    "vertebrae L1": 1.0,
    "vertebrae T12": 0.9996854662895203,
    "vertebrae T11": 0.9997434616088867,
    "vertebrae T10": 0.9998674392700195,
    "vertebrae T9": 0.9996097087860107,
    "vertebrae T8": 1.0,
    "vertebrae T7": 1.0,
    "vertebrae T6": 1.0,
    "vertebrae T5": 1.0,
    "vertebrae T4": 1.0,
    "vertebrae T3": 1.0,
    "vertebrae T2": 1.0,
    "vertebrae T1": 1.0,
    "vertebrae C7": 1.0,
    "vertebrae C6": 1.0,
    "vertebrae C5": 1.0,
    "vertebrae C4": 1.0,
    "vertebrae C3": 1.0,
    "vertebrae C2": 1.0,
    "vertebrae C1": 1.0,
    "trachea": 1.0,
    "left iliac artery": 0.998672604560852,
    "right iliac artery": 0.9997827410697937,
    "left iliac vena": 0.9996750950813293,
    "right iliac vena": 0.9997751712799072,
    "colon": 0.999774158000946,
    "left rib 1": 1.0,
    "left rib 2": 1.0,
    "left rib 3": 1.0,
    "left rib 4": 1.0,
    "left rib 5": 1.0,
    "left rib 6": 0.9995150566101074,
    "left rib 7": 0.9989900588989258,
    "left rib 8": 1.0,
    "left rib 9": 0.9997802972793579,
    "left rib 10": 0.9982767701148987,
    "left rib 11": 1.0,
    "left rib 12": 1.0,
    "right rib 1": 1.0,
    "right rib 2": 1.0,
    "right rib 3": 1.0,
    "right rib 4": 1.0,
    "right rib 5": 1.0,
    "right rib 6": 0.999602198600769,
    "right rib 7": 1.0,
    "right rib 8": 0.9992419481277466,
    "right rib 9": 1.0,
    "right rib 10": 0.9998047947883606,
    "right rib 11": 1.0,
    "right rib 12": 1.0,
    "left humerus": 0.9719626307487488,
    "right humerus": 0.9873417615890503,
    "left scapula": 1.0,
    "right scapula": 0.9997193217277527,
    "left clavicula": 1.0,
    "right clavicula": 1.0,
    "left femur": 0.9999800324440002,
    "right femur": 0.9998434782028198,
    "left hip": 0.9999173879623413,
    "right hip": 0.9999226927757263,
    "sacrum": 0.9997125267982483,
    "left gluteus maximus": 0.9998618960380554,
    "right gluteus maximus": 0.9998993277549744,
    "left gluteus medius": 0.9997550249099731,
    "right gluteus medius": 0.9997763633728027,
    "left gluteus minimus": 0.9991177916526794,
    "right gluteus minimus": 0.9998393058776855,
    "left autochthon": 0.9998349547386169,
    "right autochthon": 0.9998183846473694,
    "left iliopsoas": 0.9998319149017334,
    "right iliopsoas": 0.9998192191123962,
    "left atrial appendage": 1.0,
    "brachiocephalic trunk": 1.0,
    "left brachiocephalic vein": 1.0,
    "right brachiocephalic vein": 1.0,
    "left common carotid artery": 1.0,
    "right common carotid artery": 1.0,
    "costal cartilages": 0.9996328353881836,
    "heart": 0.9997690320014954,
    "left kidney cyst": 1.0,
    "right kidney cyst": 0.9991546869277954,
    "prostate": 1.0,
    "pulmonary vein": 1.0,
    "skull": 1.0,
    "spinal cord": 0.9995791912078857,
    "sternum": 1.0,
    "left subclavian artery": 1.0,
    "right subclavian artery": 1.0,
    "superior vena cava": 0.9977220892906189,
    "thyroid gland": 1.0,
    "vertebrae S1": 0.9995207786560059,
    "bone lesion": 1.0,
    "kidney mass (deprecated)": 1.0,
    "liver tumor (deprecated)": 1.0,
    "vertebrae L6 (deprecated)": 1.0,
    "airway": 1.0,
    "average": 0.999543797789198
}