{
    "liver": 0.9999467134475708,
    "kidney": 1.0,
    "spleen": 0.9998987317085266,
    "pancreas": 0.9998106360435486,
    "right kidney": 0.9997254610061646,
    "aorta": 0.9999536275863647,
    "inferior vena cava": 0.9997954964637756,
    "right adrenal gland": 1.0,
    "left adrenal gland": 0.9971064925193787,
    "gallbladder": 1.0,
    "esophagus": 0.9997258186340332,
    "stomach": 0.9999147653579712,
    "duodenum": 0.9995471835136414,
    "left kidney": 0.9997535347938538,
    "bladder": 0.9998233318328857,
    "prostate or uterus (deprecated)": 1.0,
    "portal vein and splenic vein": 0.9996570348739624,
    "rectum (deprecated)": 1.0,
    "small bowel": 0.9995405673980713,
    "lung": 1.0,
    "bone": 1.0,
    "brain": 1.0,
    "lung tumor": 1.0,
    "pancreatic tumor": 1.0,
    "hepatic vessel": 1.0,
    "hepatic tumor": 1.0,
    "colon cancer primaries": 1.0,
    "left lung upper lobe": 0.9999317526817322,
    "left lung lower lobe": 0.9999247789382935,
    "right lung upper lobe": 1.0,
    "right lung middle lobe": 0.9999620318412781,
    "right lung lower lobe": 0.9999691843986511,
    "vertebrae L5": 0.9999167323112488,
    "vertebrae L4": 0.9999210834503174,
    "vertebrae L3": 1.0,
    "vertebrae L2": 0.9997909665107727,
    "vertebrae L1": 0.9998704195022583,
    "vertebrae T12": 0.999764084815979,
    "vertebrae T11": 0.9997434616088867,
    "vertebrae T10": 0.9998674392700195,
    "vertebrae T9": 0.9997072815895081,
    "vertebrae T8": 0.9992929697036743,
    "vertebrae T7": 1.0,
    "vertebrae T6": 1.0,
    "vertebrae T5": 1.0,
    "vertebrae T4": 1.0,
    "vertebrae T3": 1.0,
    "vertebrae T2": 1.0,
    "vertebrae T1": 1.0,
    "vertebrae C7": 1.0,
    "vertebrae C6": 1.0,
    "vertebrae C5": 1.0,
    "vertebrae C4": 1.0,
    "vertebrae C3": 1.0,
    "vertebrae C2": 1.0,
    "vertebrae C1": 1.0,
    "trachea": 1.0,
    "left iliac artery": 0.998672604560852,
    "right iliac artery": 0.9997827410697937,
    "left iliac vena": 0.9996752142906189,
    "right iliac vena": 0.9997751712799072,
    "colon": 0.9997839331626892,
    "left rib 1": 1.0,
    "left rib 2": 1.0,
    "left rib 3": 1.0,
    "left rib 4": 1.0,
    "left rib 5": 1.0,
    "left rib 6": 0.9985436797142029,
    "left rib 7": 0.9997116327285767,
    "left rib 8": 1.0,
    "left rib 9": 0.9997071027755737,
    "left rib 10": 0.9987931251525879,
    "left rib 11": 1.0,
    "left rib 12": 1.0,
    "right rib 1": 1.0,
    "right rib 2": 1.0,
    "right rib 3": 1.0,
    "right rib 4": 1.0,
    "right rib 5": 1.0,
    "right rib 6": 0.9992054104804993,
    "right rib 7": 0.999552845954895,
    "right rib 8": 0.9996969103813171,
    "right rib 9": 1.0,
    "right rib 10": 0.9995119571685791,
    "right rib 11": 1.0,
    "right rib 12": 1.0,
    "left humerus": 0.9719626307487488,
    "right humerus": 0.9873417615890503,
    "left scapula": 1.0,
    "right scapula": 1.0,
    "left clavicula": 1.0,
    "right clavicula": 1.0,
    "left femur": 0.999920129776001,
    "right femur": 0.9998330473899841,
    "left hip": 0.9999256730079651,
    "right hip": 0.9999226927757263,
    "sacrum": 0.9997796416282654,
    "left gluteus maximus": 0.9998824000358582,
    "right gluteus maximus": 0.9998437166213989,
    "left gluteus medius": 0.9997230172157288,
    "right gluteus medius": 0.9997458457946777,
    "left gluteus minimus": 0.9993826150894165,
    "right gluteus minimus": 0.9997991919517517,
    "left autochthon": 0.999840259552002,
    "right autochthon": 0.9998072981834412,
    "left iliopsoas": 0.9998109340667725,
    "right iliopsoas": 0.9998148679733276,
    "left atrial appendage": 1.0,
    "brachiocephalic trunk": 1.0,
    "left brachiocephalic vein": 1.0,
    "right brachiocephalic vein": 1.0,
    "left common carotid artery": 1.0,
    "right common carotid artery": 1.0,
    "costal cartilages": 0.9993331432342529,
    "heart": 0.9998570084571838,
    "left kidney cyst": 1.0,
    "right kidney cyst": 0.9997888803482056,
    "prostate": 1.0,
    "pulmonary vein": 1.0,
    "skull": 1.0,
    "spinal cord": 0.9996580481529236,
    "sternum": 1.0,
    "left subclavian artery": 1.0,
    "right subclavian artery": 1.0,
    "superior vena cava": 1.0,
    "thyroid gland": 1.0,
    "vertebrae S1": 0.9998401999473572,
    "bone lesion": 1.0,
    "kidney mass (deprecated)": 1.0,
    "liver tumor (deprecated)": 1.0,
    "vertebrae L6 (deprecated)": 1.0,
    "airway": 1.0,
    "average": 0.9995385372277462
}